<?xml version="1.0" encoding="UTF-8"?>
<gmd:MD_Metadata xmlns:gmd="http://www.isotc211.org/2005/gmd" 
xmlns:gco="http://www.isotc211.org/2005/gco" 
xmlns:gml="http://www.opengis.net/gml" 
xmlns:gts="http://www.isotc211.org/2005/gts" 
xmlns:geonet="http://www.fao.org/geonetwork" 
xmlns:xsi="http://www.w3.org/2001/XMLSchema-instance" 
xsi:schemaLocation="http://www.isotc211.org/2005/gmd http://www.isotc211.org/2005/gmd/gmd.xsd http://www.isotc211.org/2005/gmx http://www.isotc211.org/2005/gmx/gmx.xsd http://www.isotc211.org/2005/srv http://schemas.opengis.net/iso/19139/20060504/srv/srv.xsd">
    <gmd:fileIdentifier>
        <gco:CharacterString>ES410JCLCITLIMPROREC20160301</gco:CharacterString>
    </gmd:fileIdentifier>
    <gmd:language>
        <gmd:LanguageCode codeList="./resources/codeList.xml#LanguageCode" codeListValue="spa">spa</gmd:LanguageCode>
    </gmd:language>
    <gmd:characterSet>
        <gmd:MD_CharacterSetCode codeList="./resources/codeList.xml#MD_CharacterSetCode" codeListValue="utf8">utf8</gmd:MD_CharacterSetCode>
    </gmd:characterSet>
    <gmd:parentIdentifier gco:nilReason="inapplicable"/>
    <gmd:hierarchyLevel>
        <gmd:MD_ScopeCode codeList="./resources/codeList.xml#MD_ScopeCode" codeListValue="dataset">dataset</gmd:MD_ScopeCode>
    </gmd:hierarchyLevel>
	<gmd:hierarchyLevelName>
		<gco:CharacterString>Conjunto de datos</gco:CharacterString>
	</gmd:hierarchyLevelName>
    <gmd:contact>
        <gmd:CI_ResponsibleParty>
            <gmd:individualName gco:nilReason="inapplicable"/>
            <gmd:organisationName>
                <gco:CharacterString>Centro de Información Territorial de la Junta de Castilla y León</gco:CharacterString>
            </gmd:organisationName>
            <gmd:positionName gco:nilReason="inapplicable"/>
            <gmd:contactInfo>
                <gmd:CI_Contact>
                    <gmd:address>
                        <gmd:CI_Address>
                            <gmd:electronicMailAddress>
                                <gco:CharacterString>cit@jcyl.es</gco:CharacterString>
                            </gmd:electronicMailAddress>
                        </gmd:CI_Address>
                    </gmd:address>
                </gmd:CI_Contact>
            </gmd:contactInfo>
            <gmd:role>
                <gmd:CI_RoleCode codeList="./resources/codeList.xml#CI_RoleCode" codeListValue="pointOfContact">pointOfContact</gmd:CI_RoleCode>
            </gmd:role>
        </gmd:CI_ResponsibleParty>
    </gmd:contact>
    <gmd:dateStamp>
        <gco:Date>2016-03-01</gco:Date>
    </gmd:dateStamp>
    <gmd:metadataStandardName>
        <gco:CharacterString>NEM:ISO 19115:2003 + Reglamento (CE) Nº 1205/2008 de Inspire</gco:CharacterString>
    </gmd:metadataStandardName>
    <gmd:metadataStandardVersion>
        <gco:CharacterString>1.2</gco:CharacterString>
    </gmd:metadataStandardVersion>
	<gmd:referenceSystemInfo>
		<gmd:MD_ReferenceSystem>
			<gmd:referenceSystemIdentifier>
				<gmd:RS_Identifier>
					<gmd:code>
						<gco:CharacterString>http://www.opengis.net/def/crs/EPSG/0/25830</gco:CharacterString>
					</gmd:code>
				</gmd:RS_Identifier>
			</gmd:referenceSystemIdentifier>
		</gmd:MD_ReferenceSystem>
	</gmd:referenceSystemInfo>
	<gmd:referenceSystemInfo>
		<gmd:MD_ReferenceSystem>
			<gmd:referenceSystemIdentifier>
				<gmd:RS_Identifier>
					<gmd:code>
						<gco:CharacterString>http://www.opengis.net/def/crs/EPSG/0/25829</gco:CharacterString>
					</gmd:code>
				</gmd:RS_Identifier>
			</gmd:referenceSystemIdentifier>
		</gmd:MD_ReferenceSystem>
	</gmd:referenceSystemInfo>
	<gmd:referenceSystemInfo>
		<gmd:MD_ReferenceSystem>
			<gmd:referenceSystemIdentifier>
				<gmd:RS_Identifier>
					<gmd:code>
						<gco:CharacterString>http://www.opengis.net/def/crs/EPSG/0/4258</gco:CharacterString>
					</gmd:code>
				</gmd:RS_Identifier>
			</gmd:referenceSystemIdentifier>
		</gmd:MD_ReferenceSystem>
	</gmd:referenceSystemInfo>
	<gmd:referenceSystemInfo>
		<gmd:MD_ReferenceSystem>
			<gmd:referenceSystemIdentifier>
				<gmd:RS_Identifier>
					<gmd:code>
						<gco:CharacterString>http://www.opengis.net/def/crs/EPSG/0/4326</gco:CharacterString>
					</gmd:code>
				</gmd:RS_Identifier>
			</gmd:referenceSystemIdentifier>
		</gmd:MD_ReferenceSystem>
	</gmd:referenceSystemInfo>
    <gmd:identificationInfo>
        <gmd:MD_DataIdentification>
            <gmd:citation>
                <gmd:CI_Citation>
                    <gmd:title>
                        <gco:CharacterString>Límites provinciales de Castilla y León: recintos</gco:CharacterString>
                    </gmd:title>
                    <gmd:date>
                        <gmd:CI_Date>
                            <gmd:date>
                                <gco:Date>2018-01-31</gco:Date>
                            </gmd:date>
                            <gmd:dateType>
                                <gmd:CI_DateTypeCode codeList="./resources/codeList.xml#CI_DateTypeCode" codeListValue="creation">creation</gmd:CI_DateTypeCode>
                            </gmd:dateType>
                        </gmd:CI_Date>
                    </gmd:date>
                    <gmd:identifier>
                        <gmd:RS_Identifier>
                            <gmd:code>
                                <gco:CharacterString>au.prov_cyl_recintos</gco:CharacterString>
                            </gmd:code>
							<gmd:codeSpace>
								<gco:CharacterString>http://www.jcyl.es</gco:CharacterString>
							</gmd:codeSpace>
                        </gmd:RS_Identifier>
                    </gmd:identifier>
                    <gmd:citedResponsibleParty>
                        <gmd:CI_ResponsibleParty>
                            <gmd:individualName gco:nilReason="inapplicable"/>
                            <gmd:organisationName>
                                <gco:CharacterString>Centro de Información Territorial de la Junta de Castilla y León</gco:CharacterString>
                            </gmd:organisationName>
                            <gmd:positionName gco:nilReason="inapplicable"/>
                            <gmd:role>
                                <gmd:CI_RoleCode codeList="./resources/codeList.xml#CI_RoleCode" codeListValue="owner">owner</gmd:CI_RoleCode>
                            </gmd:role>
                        </gmd:CI_ResponsibleParty>
                    </gmd:citedResponsibleParty>
                    <gmd:presentationForm>
                        <gmd:CI_PresentationFormCode codeList="./resources/codeList.xml#CI_PresentationFormCode" codeListValue="mapDigital">mapDigital</gmd:CI_PresentationFormCode>
                    </gmd:presentationForm>
                    <gmd:series>
                        <gmd:CI_Series>
                            <gmd:name>
                                <gco:CharacterString>Líneas límite municipales de Castilla y León</gco:CharacterString>
                            </gmd:name>
                        </gmd:CI_Series>
                    </gmd:series>
                </gmd:CI_Citation>
            </gmd:citation>
            <gmd:abstract>
                <gco:CharacterString>Representación cartográfica de las unidades administrativas provinciales oficiales de Castilla y León.
				Delimitación administrativa de las provincias de Castilla y León generada a partir de las líneas-límite municipales oficiales del Instituto Geográfico Nacional (IGN).
				Constituye una de las cartografías básicas de referencia de la Comunidad Autónoma de Castilla y León.</gco:CharacterString>
            </gmd:abstract>
            <gmd:purpose>
                <gco:CharacterString>Cartografía básica de referencia. Soporte para la elaboración de otros trabajos temáticos y derivados</gco:CharacterString>
            </gmd:purpose>
            <gmd:credit>
                <gco:CharacterString>Instituto Geográfico Nacional (IGN)</gco:CharacterString>
            </gmd:credit>
            <gmd:status>
                <gmd:MD_ProgressCode codeList="./resources/codeList.xml#MD_ProgressCode" codeListValue="completed">completed</gmd:MD_ProgressCode>
            </gmd:status>
            <gmd:pointOfContact>
                <gmd:CI_ResponsibleParty>
                    <gmd:individualName gco:nilReason="inapplicable"/>
                    <gmd:organisationName>
                        <gco:CharacterString>Centro de Información Territorial de la Junta de Castilla y León</gco:CharacterString>
                    </gmd:organisationName>
                    <gmd:positionName gco:nilReason="inapplicable"/>
                    <gmd:contactInfo>
                        <gmd:CI_Contact>
                            <gmd:phone>
                                <gmd:CI_Telephone>
                                    <gmd:voice>
                                    <gco:CharacterString>(+34) 983419000</gco:CharacterString>
                                    </gmd:voice>
                                    <gmd:facsimile>
                                    <gco:CharacterString>(+34) 983419999</gco:CharacterString>
                                    </gmd:facsimile>
                                </gmd:CI_Telephone>
                            </gmd:phone>
                            <gmd:address>
                                <gmd:CI_Address>
                                    <gmd:deliveryPoint>
                                    <gco:CharacterString>Rigoberto Cortejoso 14</gco:CharacterString>
                                    </gmd:deliveryPoint>
                                    <gmd:city>
                                    <gco:CharacterString>Valladolid</gco:CharacterString>
                                    </gmd:city>
                                    <gmd:administrativeArea>
                                    <gco:CharacterString>Castilla y León</gco:CharacterString>
                                    </gmd:administrativeArea>
                                    <gmd:postalCode>
                                    <gco:CharacterString>47014</gco:CharacterString>
                                    </gmd:postalCode>
                                    <gmd:country>
                                    <gco:CharacterString>Spain</gco:CharacterString>
                                    </gmd:country>
                                    <gmd:electronicMailAddress>
                                    <gco:CharacterString>cit@jcyl.es</gco:CharacterString>
                                    </gmd:electronicMailAddress>
                                </gmd:CI_Address>
                            </gmd:address>
                            <gmd:onlineResource>
                                <gmd:CI_OnlineResource>
                                    <gmd:linkage>
                                    <gmd:URL>www.cartografia.jcyl.es</gmd:URL>
                                    </gmd:linkage>
                                    <gmd:name>
                                    <gco:CharacterString>Geoportal IDECyL</gco:CharacterString>
                                    </gmd:name>
                                </gmd:CI_OnlineResource>
                            </gmd:onlineResource>
                            <gmd:hoursOfService>
                                <gco:CharacterString>Laborables de 09:00 a 14:00</gco:CharacterString>
                            </gmd:hoursOfService>
                            <gmd:contactInstructions>
                                <gco:CharacterString>Correo electrónico, teléfono, fax</gco:CharacterString>
                            </gmd:contactInstructions>
                        </gmd:CI_Contact>
                    </gmd:contactInfo>
                    <gmd:role>
                        <gmd:CI_RoleCode codeList="./resources/codeList.xml#CI_RoleCode" codeListValue="pointOfContact">pointOfContact</gmd:CI_RoleCode>
                    </gmd:role>
                </gmd:CI_ResponsibleParty>
            </gmd:pointOfContact>
            <gmd:resourceMaintenance>
                <gmd:MD_MaintenanceInformation>
                    <gmd:maintenanceAndUpdateFrequency>
                        <gmd:MD_MaintenanceFrequencyCode codeList="./resources/codeList.xml#MD_MaintenanceFrequencyCode" codeListValue="annually">annually</gmd:MD_MaintenanceFrequencyCode>
                    </gmd:maintenanceAndUpdateFrequency>
                    <gmd:dateOfNextUpdate>
                        <gco:Date>2019-01-31</gco:Date>
                    </gmd:dateOfNextUpdate>
                </gmd:MD_MaintenanceInformation>
            </gmd:resourceMaintenance>
			<gmd:graphicOverview>
				<gmd:MD_BrowseGraphic>
					<gmd:fileName>
						<gco:CharacterString>http://www.idecyl.jcyl.es/geonetwork/srv/spa//resources.get?uuid=ES410JCLCITLIMPROREC20160301&amp;fname=au.prov_cyl_recintos.jpg</gco:CharacterString>
					</gmd:fileName>
				</gmd:MD_BrowseGraphic>
			</gmd:graphicOverview>
            <gmd:descriptiveKeywords>
                <gmd:MD_Keywords>
                    <gmd:keyword>
                        <gco:CharacterString>Unidades administrativas</gco:CharacterString>
                    </gmd:keyword>
                    <gmd:type>
                        <gmd:MD_KeywordTypeCode codeList="./resources/codeList.xml#MD_KeywordTypeCode" codeListValue="theme">theme</gmd:MD_KeywordTypeCode>
                    </gmd:type>
                    <gmd:thesaurusName>
                        <gmd:CI_Citation>
                            <gmd:title>
                                <gco:CharacterString>GEMET - INSPIRE themes, version 1.0</gco:CharacterString>
                            </gmd:title>
                            <gmd:date>
                                <gmd:CI_Date>
                                    <gmd:date>
                                    <gco:Date>2008-06-01</gco:Date>
                                    </gmd:date>
                                    <gmd:dateType>
                                    <gmd:CI_DateTypeCode codeList="./resources/codeList.xml#CI_DateTypeCode" codeListValue="publication">publication</gmd:CI_DateTypeCode>
                                    </gmd:dateType>
                                </gmd:CI_Date>
                            </gmd:date>
                        </gmd:CI_Citation>
                    </gmd:thesaurusName>
                </gmd:MD_Keywords>
            </gmd:descriptiveKeywords>
            <gmd:resourceSpecificUsage>
                <gmd:MD_Usage>
                    <gmd:specificUsage>
                        <gco:CharacterString>Para planificación y análisis territorial, desarrollo de proyectos urbanísticos y relacionados con la ordenación del territorio, estudios ambientales, etc.
						NOTA del IGN:
						AVISO:
						En el caso general, las líneas límite inscritas en el Registro Central de Cartografía tienen la incertidumbre geométrica correspondiente a un rango de escalas entre 1:25.000 y 1:100.000, debido a la precisión de los métodos e instrumentos topográficos utilizados en su día por el Instituto Geográfico para su levantamiento y posterior trazado sobre el Mapa Topográfico Nacional, y debido también a los procesos de digitalización de dichas líneas límite sobre cartografía impresa, llevados a cabo años después, para obtener su versión digital.
						Algunas líneas límite o tramos de ellas, de entre los inscritos originalmente en el RCC, pueden tener carácter «provisional», es decir, que carecen de valor jurídico porque en las correspondientes actas de deslinde consta el desacuerdo entre los ayuntamientos limítrofes. Para obtener una geometría más precisa es necesario el replanteo sobre el terreno de las líneas límite, lo que generalmente es factible partiendo de la documentación técnica (cuaderno topográfico de campo) y jurídica (acta de deslinde) con la que figura inscrita cada una de ellas en el Registro Central de Cartografía. Posteriormente, esta geometría más precisa ha de ser refrendada jurídicamente por los propios Ayuntamientos mediante el levantamiento de actas conjuntas, adicionales a las originales utilizadas para el replanteo, conforme a los procedimientos administrativos establecidos en la legislación aplicable en cada caso.
						Por consiguiente, no se debe utilizar esta cartografía para la representación de los límites jurisdiccionales en cartografías a mayor escala (denominador más  pequeño).</gco:CharacterString>
                    </gmd:specificUsage>
                    <gmd:userContactInfo>
                        <gmd:CI_ResponsibleParty>
                            <gmd:individualName gco:nilReason="inapplicable"/>
                            <gmd:organisationName>
                                <gco:CharacterString>Centro de Información Territorial de la Junta de Castilla y León</gco:CharacterString>
                            </gmd:organisationName>
                            <gmd:positionName gco:nilReason="inapplicable"/>
                            <gmd:contactInfo>
                                <gmd:CI_Contact>
                                    <gmd:address>
                                    <gmd:CI_Address>
                                    <gmd:electronicMailAddress>
                                    <gco:CharacterString>cit@jcyl.es</gco:CharacterString>
                                    </gmd:electronicMailAddress>
                                    </gmd:CI_Address>
                                    </gmd:address>
                                </gmd:CI_Contact>
                            </gmd:contactInfo>
                            <gmd:role>
                                <gmd:CI_RoleCode codeList="./resources/codeList.xml#CI_RoleCode" codeListValue="resourceProvider">resourceProvider</gmd:CI_RoleCode>
                            </gmd:role>
                        </gmd:CI_ResponsibleParty>
                    </gmd:userContactInfo>
                </gmd:MD_Usage>
            </gmd:resourceSpecificUsage>
            <gmd:resourceConstraints>
                <gmd:MD_LegalConstraints>
                    <gmd:useLimitation>
                        <gco:CharacterString>https://datosabiertos.jcyl.es/web/jcyl/RISP/es/Plantilla100/1284235967637/_/_/_</gco:CharacterString>
                    </gmd:useLimitation>
					<gmd:accessConstraints>
						<gmd:MD_RestrictionCode codeList="http://standards.iso.org/ittf/PubliclyAvailableStandards/ISO_19139_Schemas/resources/codelist/ML_gmxCodelists.xml#MD_RestrictionCode" codeListValue="otherRestrictions">otherRestrictions</gmd:MD_RestrictionCode>
					</gmd:accessConstraints>
                    <gmd:useConstraints>
                        <gmd:MD_RestrictionCode codeList="./resources/codeList.xml#MD_RestrictionCode" codeListValue="license">license</gmd:MD_RestrictionCode>
                    </gmd:useConstraints>
                    <gmd:otherConstraints>
                        <gco:CharacterString>Sin validez jurídica, carácter informativo. Uso libre y gratuito. Cita obligada a la propiedad de la fuente: "Junta de Castilla y León". Condiciones detalladas en:</gco:CharacterString>
                    </gmd:otherConstraints>
                </gmd:MD_LegalConstraints>
            </gmd:resourceConstraints>
            <gmd:spatialRepresentationType>
                <gmd:MD_SpatialRepresentationTypeCode codeList="./resources/codeList.xml#MD_SpatialRepresentationTypeCode" codeListValue="vector">vector</gmd:MD_SpatialRepresentationTypeCode>
            </gmd:spatialRepresentationType>
            <gmd:spatialResolution>
                <gmd:MD_Resolution>
                    <gmd:equivalentScale>
                        <gmd:MD_RepresentativeFraction>
                            <gmd:denominator>
                                <gco:Integer>50000</gco:Integer>
                            </gmd:denominator>
                        </gmd:MD_RepresentativeFraction>
                    </gmd:equivalentScale>
                </gmd:MD_Resolution>
            </gmd:spatialResolution>
            <gmd:language>
                <gmd:LanguageCode codeList="./resources/codeList.xml#LanguageCode" codeListValue="spa">spa</gmd:LanguageCode>
            </gmd:language>
            <gmd:characterSet>
                <gmd:MD_CharacterSetCode codeList="./resources/codeList.xml#MD_CharacterSetCode" codeListValue="utf8">utf8</gmd:MD_CharacterSetCode>
            </gmd:characterSet>
            <gmd:topicCategory>
                <gmd:MD_TopicCategoryCode>imageryBaseMapsEarthCover</gmd:MD_TopicCategoryCode>
            </gmd:topicCategory>
            <gmd:extent>
                <gmd:EX_Extent>
                    <gmd:description>
                        <gco:CharacterString>EPSG:4326</gco:CharacterString>
                    </gmd:description>
                    <gmd:geographicElement>
                        <gmd:EX_GeographicBoundingBox>
                            <gmd:extentTypeCode>
                                <gco:Boolean>true</gco:Boolean>
                            </gmd:extentTypeCode>
                            <gmd:westBoundLongitude>
                                <gco:Decimal>-7.1001</gco:Decimal>
                            </gmd:westBoundLongitude>
                            <gmd:eastBoundLongitude>
                                <gco:Decimal>-1.7001</gco:Decimal>
                            </gmd:eastBoundLongitude>
                            <gmd:southBoundLatitude>
                                <gco:Decimal>40.0001</gco:Decimal>
                            </gmd:southBoundLatitude>
                            <gmd:northBoundLatitude>
                                <gco:Decimal>43.3001</gco:Decimal>
                            </gmd:northBoundLatitude>
                        </gmd:EX_GeographicBoundingBox>
                    </gmd:geographicElement>
                    <gmd:temporalElement gco:nilReason="inapplicable"/>
                    <gmd:verticalElement gco:nilReason="inapplicable"/>
                </gmd:EX_Extent>
            </gmd:extent>
        </gmd:MD_DataIdentification>
    </gmd:identificationInfo>
    <gmd:distributionInfo>
        <gmd:MD_Distribution>
            <gmd:distributionFormat>
                <gmd:MD_Format>
                    <gmd:name>
                        <gco:CharacterString>x-shapefile</gco:CharacterString>
                    </gmd:name>
                    <gmd:version>
                        <gco:CharacterString>Desconocido</gco:CharacterString>
                    </gmd:version>
					<gmd:specification>
						<gco:CharacterString>http://inspire.ec.europa.eu/media-types/application/x-shapefile</gco:CharacterString>
					</gmd:specification>
					<gmd:fileDecompressionTechnique>
						<gco:CharacterString>Archivo ZIP que contiene los recintos provinciales de Castilla y León</gco:CharacterString>
					</gmd:fileDecompressionTechnique>
                </gmd:MD_Format>
            </gmd:distributionFormat>
            <gmd:distributor>
                <gmd:MD_Distributor>
                    <gmd:distributorContact>
                        <gmd:CI_ResponsibleParty>
                            <gmd:individualName gco:nilReason="inapplicable"/>
                            <gmd:organisationName>
                                <gco:CharacterString>Junta de Castilla y León</gco:CharacterString>
                            </gmd:organisationName>
                            <gmd:positionName gco:nilReason="inapplicable"/>
                            <gmd:role>
                                <gmd:CI_RoleCode codeList="./resources/codeList.xml#CI_RoleCode" codeListValue="distributor">distributor</gmd:CI_RoleCode>
                            </gmd:role>
                        </gmd:CI_ResponsibleParty>
                    </gmd:distributorContact>
					<gmd:distributionOrderProcess>
						<gmd:MD_StandardOrderProcess>
							<gmd:fees>
								<gco:CharacterString>Descarga gratuita a través de la IDECyL</gco:CharacterString>
							</gmd:fees>
						</gmd:MD_StandardOrderProcess>
					</gmd:distributionOrderProcess>
                    <gmd:distributorFormat gco:nilReason="inapplicable"/>
                </gmd:MD_Distributor>
            </gmd:distributor>
            <gmd:transferOptions>
                <gmd:MD_DigitalTransferOptions>
                    <gmd:unitsOfDistribution>
                        <gco:CharacterString>Visualización SHP extensión CCAA</gco:CharacterString>
                    </gmd:unitsOfDistribution>
                    <gmd:onLine>
                        <gmd:CI_OnlineResource>
                            <gmd:linkage>
                                <gmd:URL>http://www.idecyl.jcyl.es/geoserver/au/wms?service=WMS&amp;version=1.1.1&amp;request=GetMap&amp;layers=AU%2Eprov_cyl_recintos&amp;styles=AU%2Eprov_cyl_recintos_default&amp;bbox=162968.6875,4437614.0,604017.125,4790846.5&amp;width=1200&amp;height=800&amp;srs=EPSG%3A25830&amp;format=application/openlayers#toggle</gmd:URL>
                            </gmd:linkage>
                            <gmd:protocol>
                                <gco:CharacterString>WWW:LINK-1.0-http--link</gco:CharacterString>
                            </gmd:protocol>
                            <gmd:name>
                                <gco:CharacterString>http://www.idecyl.jcyl.es/geoserver/au/wms?</gco:CharacterString>
                            </gmd:name>
                            <gmd:description>
                                <gco:CharacterString>Visualizar (WMS):</gco:CharacterString>
                            </gmd:description>
                        </gmd:CI_OnlineResource>
                    </gmd:onLine>
                </gmd:MD_DigitalTransferOptions>
            </gmd:transferOptions>
            <gmd:transferOptions>
                <gmd:MD_DigitalTransferOptions>
                    <gmd:unitsOfDistribution>
                        <gco:CharacterString>Descarga SHP extensión CCAA</gco:CharacterString>
                    </gmd:unitsOfDistribution>
                    <gmd:onLine>
                        <gmd:CI_OnlineResource>
                            <gmd:linkage>
                                <gmd:URL>http://opendata.jcyl.es/ficheros/carto/a1t04_unidades_administrativas/au%2Eprov_cyl_recintos.zip</gmd:URL>
                            </gmd:linkage>
                            <gmd:protocol>
                                <gco:CharacterString>WWW:DOWNLOAD-1.0-http--download</gco:CharacterString>
                            </gmd:protocol>
                            <gmd:description>
                                <gco:CharacterString>Fichero Shapefile (*.shp)</gco:CharacterString>
                            </gmd:description>
                        </gmd:CI_OnlineResource>
                    </gmd:onLine>
                </gmd:MD_DigitalTransferOptions>
            </gmd:transferOptions>
        </gmd:MD_Distribution>
    </gmd:distributionInfo>
    <gmd:dataQualityInfo>
        <gmd:DQ_DataQuality>
            <gmd:scope>
                <gmd:DQ_Scope>
                    <gmd:level>
                        <gmd:MD_ScopeCode codeList="./resources/codeList.xml#MD_ScopeCode" codeListValue="dataset">dataset</gmd:MD_ScopeCode>
                    </gmd:level>
                    <gmd:levelDescription gco:nilReason="inapplicable"/>
                </gmd:DQ_Scope>
            </gmd:scope>
            <gmd:report>
                <gmd:DQ_DomainConsistency>
                    <gmd:result>
                        <gmd:DQ_ConformanceResult>
                            <gmd:specification>
                                <gmd:CI_Citation>
                                    <gmd:title>
                                    <gco:CharacterString>Reglamento (UE) no 1089/2010 de la Comisión, de 23 de noviembre de 2010, por el que se aplica la Directiva 2007/2/CE del Parlamento Europeo y del Consejo en lo que se refiere a la interoperabilidad de los conjuntos y los servicios de datos espaciales</gco:CharacterString>
                                    </gmd:title>
                                    <gmd:date>
                                    <gmd:CI_Date>
                                    <gmd:date>
                                    <gco:Date>2010-12-08</gco:Date>
                                    </gmd:date>
                                    <gmd:dateType>
                                    <gmd:CI_DateTypeCode codeList="./resources/codeList.xml#CI_DateTypeCode" codeListValue="publication">publication</gmd:CI_DateTypeCode>
                                    </gmd:dateType>
                                    </gmd:CI_Date>
                                    </gmd:date>
                                </gmd:CI_Citation>
                            </gmd:specification>
                            <gmd:explanation>
                                <gco:CharacterString>Consultar el reglamento mencionado</gco:CharacterString>
                            </gmd:explanation>
                            <gmd:pass>
                                <gco:Boolean>true</gco:Boolean>
                            </gmd:pass>
                        </gmd:DQ_ConformanceResult>
                    </gmd:result>
                </gmd:DQ_DomainConsistency>
            </gmd:report>
            <gmd:report>
                <gmd:DQ_DomainConsistency>
                    <gmd:result>
                        <gmd:DQ_ConformanceResult>
                            <gmd:specification>
                                <gmd:CI_Citation>
                                    <gmd:title>
                                    <gco:CharacterString>Reglamento (CE) no 1205/2008 de la Comisión, de 3 de diciembre de 2008 por el que se ejecuta la Directiva 2007/2/CE del Parlamento Europeo y del Consejo en lo que se refiere a los metadatos</gco:CharacterString>
                                    </gmd:title>
                                    <gmd:date>
                                    <gmd:CI_Date>
                                    <gmd:date>
                                    <gco:Date>2008-12-04</gco:Date>
                                    </gmd:date>
                                    <gmd:dateType>
                                    <gmd:CI_DateTypeCode codeList="./resources/codeList.xml#CI_DateTypeCode" codeListValue="publication">publication</gmd:CI_DateTypeCode>
                                    </gmd:dateType>
                                    </gmd:CI_Date>
                                    </gmd:date>
                                </gmd:CI_Citation>
                            </gmd:specification>
                            <gmd:explanation>
                                <gco:CharacterString>Consultar el reglamento mencionado</gco:CharacterString>
                            </gmd:explanation>
                            <gmd:pass>
                                <gco:Boolean>true</gco:Boolean>
                            </gmd:pass>
                        </gmd:DQ_ConformanceResult>
                    </gmd:result>
                </gmd:DQ_DomainConsistency>
            </gmd:report>
            <gmd:lineage>
                <gmd:LI_Lineage>
                    <gmd:statement>
                        <gco:CharacterString>Líneas Límite Municipales del Instituto Geográfico Nacional (I.G.N.)</gco:CharacterString>
                    </gmd:statement>
                    <gmd:processStep>
                        <gmd:LI_ProcessStep>
                            <gmd:description>
                                <gco:CharacterString>PS1:Descarga de la capa de recintos provinciales "recintos_provinciales_inspire_peninbal_etrs89.shp" (versión enero 2018) del Instituto Geográfico Nacional (I.G.N.) desde www.idee.es</gco:CharacterString>
                            </gmd:description>
                        </gmd:LI_ProcessStep>
                    </gmd:processStep>
                    <gmd:processStep>
                        <gmd:LI_ProcessStep>
                            <gmd:description>
                                <gco:CharacterString>PS2:Selección espacial de los recintos provinciales que integran la Comunidad Autónoma de Castilla y León y filtrado de atributos</gco:CharacterString>
                            </gmd:description>
                        </gmd:LI_ProcessStep>
                    </gmd:processStep>
                    <gmd:processStep>
                        <gmd:LI_ProcessStep>
                            <gmd:description>
                                <gco:CharacterString>PS3:Tratamiento alfanumérico</gco:CharacterString>
                            </gmd:description>
                        </gmd:LI_ProcessStep>
                    </gmd:processStep>
                    <gmd:source>
                        <gmd:LI_Source>
                            <gmd:description>
                                <gco:CharacterString>La fuente de datos para su elaboración es la capa de recintos provinciales (versión enero 2018), proporcionada por el Instituto Geográfico Nacional (I.G.N.) a través del servicio de descargas del Centro Nacional de Información Geográfica (C.N.I.G.)</gco:CharacterString>
                            </gmd:description>
                            <gmd:scaleDenominator>
                                <gmd:MD_RepresentativeFraction>
                                    <gmd:denominator>
                                    <gco:Integer>50000</gco:Integer>
                                    </gmd:denominator>
                                </gmd:MD_RepresentativeFraction>
                            </gmd:scaleDenominator>
                            <gmd:sourceReferenceSystem>
                                <gmd:MD_ReferenceSystem>
                                    <gmd:referenceSystemIdentifier>
                                    <gmd:RS_Identifier>
                                    <gmd:code>
                                    <gco:CharacterString>EPSG:4258</gco:CharacterString>
                                    </gmd:code>
                                    </gmd:RS_Identifier>
                                    </gmd:referenceSystemIdentifier>
                                </gmd:MD_ReferenceSystem>
                            </gmd:sourceReferenceSystem>
                            <gmd:sourceExtent gco:nilReason="inapplicable"/>
                        </gmd:LI_Source>
                    </gmd:source>
                </gmd:LI_Lineage>
            </gmd:lineage>
        </gmd:DQ_DataQuality>
    </gmd:dataQualityInfo>
    <gmd:metadataMaintenance>
        <gmd:MD_MaintenanceInformation>
            <gmd:maintenanceAndUpdateFrequency>
                <gmd:MD_MaintenanceFrequencyCode codeList="./resources/codeList.xml#MD_MaintenanceFrequencyCode" codeListValue="asNeeded">asNeeded</gmd:MD_MaintenanceFrequencyCode>
            </gmd:maintenanceAndUpdateFrequency>
        </gmd:MD_MaintenanceInformation>
    </gmd:metadataMaintenance>
</gmd:MD_Metadata>
